,Iteration,Fitness,FEvals,Time,State,use_fast_mimic,Population Size,Keep Percent,max_iters
0,0,21.0,100,0.011818400002084672,"[2, 1, 0, 0, 2, 1, 2, 4, 1, 0, 4, 2, 4, 2, 4, 3, 0, 1, 0, 2, 0, 1, 2, 2, 0, 0, 3, 2, 1, 0, 4, 3, 2, 3, 2, 1, 2, 1, 0, 1, 1, 1, 3, 0, 4, 2, 3, 3, 0, 2]",False,100,0.2,100
1,10,2.0,1116,15.018312299973331,"[0.0, 4.0, 3.0, 2.0, 2.0, 1.0, 4.0, 3.0, 0.0, 1.0, 4.0, 3.0, 2.0, 3.0, 1.0, 3.0, 4.0, 1.0, 2.0, 0.0, 4.0, 3.0, 2.0, 4.0, 2.0, 4.0, 3.0, 0.0, 1.0, 0.0, 2.0, 2.0, 1.0, 1.0, 1.0, 4.0, 1.0, 1.0, 0.0, 3.0, 3.0, 4.0, 4.0, 3.0, 0.0, 0.0, 4.0, 1.0, 0.0, 4.0]",False,100,0.2,100
2,50,2.0,5156,73.25457729992922,"[0.0, 4.0, 3.0, 2.0, 2.0, 1.0, 4.0, 3.0, 0.0, 1.0, 4.0, 3.0, 2.0, 3.0, 1.0, 3.0, 4.0, 1.0, 2.0, 0.0, 4.0, 3.0, 2.0, 4.0, 2.0, 4.0, 3.0, 0.0, 1.0, 0.0, 2.0, 2.0, 1.0, 1.0, 1.0, 4.0, 1.0, 1.0, 0.0, 3.0, 3.0, 4.0, 4.0, 3.0, 0.0, 0.0, 4.0, 1.0, 0.0, 4.0]",False,100,0.2,100
